{"bus": [[1, -1, 0], [2, -1, 0], [3, -1, 0], [4, -1, 0], [5, -1, 0], [6, -1, 0], [7, -1, 0], [8, -1, 0], [9, -1, 0], [10, -1, 0], [11, -1, 0], [12, -1, 0], [13, -1, 0], [14, -1, 0], [15, -1, 0], [16, -1, 0], [17, -1, 0], [18, -1, 0]], "gencost": [[2, 0, 0, 2, 1.7000000000000002, 0], [2, 0, 0, 2, 1.9000000000000001, 0], [2, 0, 0, 2, 0.1, 0], [2, 0, 0, 2, 0.4, 0], [2, 0, 0, 2, 1.5000000000000002, 0], [2, 0, 0, 2, 1.9000000000000001, 0], [2, 0, 0, 2, 2.0, 0], [2, 0, 0, 2, 1.6, 0], [2, 0, 0, 2, 1.8000000000000003, 0], [2, 0, 0, 2, 0.30000000000000004, 0], [2, 0, 0, 2, 1.6, 0], [2, 0, 0, 2, 2.0, 0], [2, 0, 0, 2, 1.9000000000000001, 0], [2, 0, 0, 2, 1.2000000000000002, 0], [2, 0, 0, 2, 1.4000000000000001, 0], [2, 0, 0, 2, 0.2, 0], [2, 0, 0, 2, 1.1, 0], [2, 0, 0, 2, 1.1, 0]], "gen": [[1, -1, -1, -1, -1, -1, -1, -1, 0, -29], [2, -1, -1, -1, -1, -1, -1, -1, 0, -77], [3, -1, -1, -1, -1, -1, -1, -1, 128, 0], [4, -1, -1, -1, -1, -1, -1, -1, 0, -144], [5, -1, -1, -1, -1, -1, -1, -1, 181, 0], [6, -1, -1, -1, -1, -1, -1, -1, 0, -18], [7, -1, -1, -1, -1, -1, -1, -1, 0, -195], [8, -1, -1, -1, -1, -1, -1, -1, 0, -112], [9, -1, -1, -1, -1, -1, -1, -1, 157, 0], [10, -1, -1, -1, -1, -1, -1, -1, 0, -200], [11, -1, -1, -1, -1, -1, -1, -1, 0, -167], [12, -1, -1, -1, -1, -1, -1, -1, 0, -162], [13, -1, -1, -1, -1, -1, -1, -1, 0, -39], [14, -1, -1, -1, -1, -1, -1, -1, 0, -183], [15, -1, -1, -1, -1, -1, -1, -1, 87, 0], [16, -1, -1, -1, -1, -1, -1, -1, 0, -44], [17, -1, -1, -1, -1, -1, -1, -1, 0, -150], [18, -1, -1, -1, -1, -1, -1, -1, 123, 0]], "branch": [[1, 2, -1, -1, 1, 67], [1, 3, -1, -1, 1, 227], [2, 3, -1, -1, 1, 173], [2, 4, -1, -1, 1, 210], [4, 5, -1, -1, 1, 143], [1, 6, -1, -1, 1, 172], [2, 6, -1, -1, 1, 240], [3, 7, -1, -1, 1, 149], [5, 8, -1, -1, 1, 196], [2, 9, -1, -1, 1, 218], [8, 10, -1, -1, 1, 225], [7, 11, -1, -1, 1, 162], [10, 11, -1, -1, 1, 200], [3, 12, -1, -1, 1, 298], [8, 13, -1, -1, 1, 98], [3, 14, -1, -1, 1, 86], [14, 15, -1, -1, 1, 38], [7, 16, -1, -1, 1, 109], [10, 17, -1, -1, 1, 79], [8, 18, -1, -1, 1, 103]]}