{"bus": [[1, -1, 0], [2, -1, 0], [3, -1, 0], [4, -1, 0], [5, -1, 0], [6, -1, 0]], "gencost": [[2, 0, 0, 2, 0.7000000000000001, 0], [2, 0, 0, 2, 0.8, 0], [2, 0, 0, 2, 1.9000000000000001, 0], [2, 0, 0, 2, 1.3000000000000003, 0], [2, 0, 0, 2, 0.4, 0], [2, 0, 0, 2, 1.5000000000000002, 0]], "gen": [[1, -1, -1, -1, -1, -1, -1, -1, 0, -188], [2, -1, -1, -1, -1, -1, -1, -1, 77, 0], [3, -1, -1, -1, -1, -1, -1, -1, 0, -156], [4, -1, -1, -1, -1, -1, -1, -1, 0, -172], [5, -1, -1, -1, -1, -1, -1, -1, 0, -195], [6, -1, -1, -1, -1, -1, -1, -1, 0, -32]], "branch": [[1, 2, -1, -1, 1, 196], [1, 3, -1, -1, 1, 123], [2, 3, -1, -1, 1, 170], [3, 4, -1, -1, 1, 70], [1, 4, -1, -1, 1, 38], [4, 5, -1, -1, 1, 170], [3, 5, -1, -1, 1, 202], [1, 6, -1, -1, 1, 283]]}