{"bus": [[1, -1, 0], [2, -1, 0], [3, -1, 0], [4, -1, 0], [5, -1, 0], [6, -1, 0], [7, -1, 0], [8, -1, 0], [9, -1, 0], [10, -1, 0], [11, -1, 0], [12, -1, 0], [13, -1, 0], [14, -1, 0], [15, -1, 0], [16, -1, 0], [17, -1, 0], [18, -1, 0], [19, -1, 0], [20, -1, 0], [21, -1, 0], [22, -1, 0], [23, -1, 0], [24, -1, 0], [25, -1, 0], [26, -1, 0], [27, -1, 0], [28, -1, 0], [29, -1, 0], [30, -1, 0], [31, -1, 0], [32, -1, 0], [33, -1, 0], [34, -1, 0], [35, -1, 0], [36, -1, 0], [37, -1, 0], [38, -1, 0], [39, -1, 0], [40, -1, 0], [41, -1, 0], [42, -1, 0], [43, -1, 0], [44, -1, 0], [45, -1, 0], [46, -1, 0], [47, -1, 0], [48, -1, 0], [49, -1, 0], [50, -1, 0], [51, -1, 0], [52, -1, 0], [53, -1, 0], [54, -1, 0], [55, -1, 0], [56, -1, 0], [57, -1, 0], [58, -1, 0], [59, -1, 0], [60, -1, 0], [61, -1, 0], [62, -1, 0], [63, -1, 0], [64, -1, 0], [65, -1, 0], [66, -1, 0], [67, -1, 0], [68, -1, 0], [69, -1, 0], [70, -1, 0], [71, -1, 0], [72, -1, 0], [73, -1, 0], [74, -1, 0], [75, -1, 0], [76, -1, 0], [77, -1, 0], [78, -1, 0], [79, -1, 0], [80, -1, 0], [81, -1, 0], [82, -1, 0], [83, -1, 0], [84, -1, 0], [85, -1, 0], [86, -1, 0], [87, -1, 0], [88, -1, 0], [89, -1, 0], [90, -1, 0]], "gencost": [[2, 0, 0, 2, 1.3000000000000003, 0], [2, 0, 0, 2, 0.2, 0], [2, 0, 0, 2, 0.5, 0], [2, 0, 0, 2, 1.3000000000000003, 0], [2, 0, 0, 2, 0.5, 0], [2, 0, 0, 2, 0.6, 0], [2, 0, 0, 2, 1.6, 0], [2, 0, 0, 2, 1.9000000000000001, 0], [2, 0, 0, 2, 0.4, 0], [2, 0, 0, 2, 2.0, 0], [2, 0, 0, 2, 0.1, 0], [2, 0, 0, 2, 1.8000000000000003, 0], [2, 0, 0, 2, 0.4, 0], [2, 0, 0, 2, 0.5, 0], [2, 0, 0, 2, 0.1, 0], [2, 0, 0, 2, 0.5, 0], [2, 0, 0, 2, 0.9, 0], [2, 0, 0, 2, 1.0, 0], [2, 0, 0, 2, 2.1, 0], [2, 0, 0, 2, 1.1, 0], [2, 0, 0, 2, 1.2000000000000002, 0], [2, 0, 0, 2, 1.1, 0], [2, 0, 0, 2, 0.9, 0], [2, 0, 0, 2, 2.0, 0], [2, 0, 0, 2, 1.1, 0], [2, 0, 0, 2, 1.8000000000000003, 0], [2, 0, 0, 2, 0.6, 0], [2, 0, 0, 2, 1.1, 0], [2, 0, 0, 2, 0.6, 0], [2, 0, 0, 2, 1.8000000000000003, 0], [2, 0, 0, 2, 0.4, 0], [2, 0, 0, 2, 1.7000000000000002, 0], [2, 0, 0, 2, 0.30000000000000004, 0], [2, 0, 0, 2, 1.7000000000000002, 0], [2, 0, 0, 2, 2.1, 0], [2, 0, 0, 2, 1.7000000000000002, 0], [2, 0, 0, 2, 0.4, 0], [2, 0, 0, 2, 1.6, 0], [2, 0, 0, 2, 1.8000000000000003, 0], [2, 0, 0, 2, 1.9000000000000001, 0], [2, 0, 0, 2, 0.4, 0], [2, 0, 0, 2, 0.5, 0], [2, 0, 0, 2, 1.4000000000000001, 0], [2, 0, 0, 2, 0.1, 0], [2, 0, 0, 2, 1.6, 0], [2, 0, 0, 2, 0.2, 0], [2, 0, 0, 2, 0.30000000000000004, 0], [2, 0, 0, 2, 0.4, 0], [2, 0, 0, 2, 0.1, 0], [2, 0, 0, 2, 1.3000000000000003, 0], [2, 0, 0, 2, 0.30000000000000004, 0], [2, 0, 0, 2, 1.9000000000000001, 0], [2, 0, 0, 2, 1.3000000000000003, 0], [2, 0, 0, 2, 1.9000000000000001, 0], [2, 0, 0, 2, 0.30000000000000004, 0], [2, 0, 0, 2, 1.4000000000000001, 0], [2, 0, 0, 2, 1.2000000000000002, 0], [2, 0, 0, 2, 0.8, 0], [2, 0, 0, 2, 0.7000000000000001, 0], [2, 0, 0, 2, 2.1, 0], [2, 0, 0, 2, 1.2000000000000002, 0], [2, 0, 0, 2, 0.8, 0], [2, 0, 0, 2, 0.6, 0], [2, 0, 0, 2, 0.4, 0], [2, 0, 0, 2, 0.7000000000000001, 0], [2, 0, 0, 2, 2.1, 0], [2, 0, 0, 2, 1.4000000000000001, 0], [2, 0, 0, 2, 2.1, 0], [2, 0, 0, 2, 1.4000000000000001, 0], [2, 0, 0, 2, 0.8, 0], [2, 0, 0, 2, 0.2, 0], [2, 0, 0, 2, 0.30000000000000004, 0], [2, 0, 0, 2, 0.1, 0], [2, 0, 0, 2, 1.8000000000000003, 0], [2, 0, 0, 2, 0.8, 0], [2, 0, 0, 2, 1.3000000000000003, 0], [2, 0, 0, 2, 0.30000000000000004, 0], [2, 0, 0, 2, 1.1, 0], [2, 0, 0, 2, 0.8, 0], [2, 0, 0, 2, 0.6, 0], [2, 0, 0, 2, 0.1, 0], [2, 0, 0, 2, 0.7000000000000001, 0], [2, 0, 0, 2, 0.2, 0], [2, 0, 0, 2, 0.1, 0], [2, 0, 0, 2, 1.2000000000000002, 0], [2, 0, 0, 2, 1.1, 0], [2, 0, 0, 2, 2.1, 0], [2, 0, 0, 2, 1.5000000000000002, 0], [2, 0, 0, 2, 0.7000000000000001, 0], [2, 0, 0, 2, 2.1, 0]], "gen": [[1, -1, -1, -1, -1, -1, -1, -1, 0, -174], [2, -1, -1, -1, -1, -1, -1, -1, 0, -80], [3, -1, -1, -1, -1, -1, -1, -1, 0, -144], [4, -1, -1, -1, -1, -1, -1, -1, 0, -102], [5, -1, -1, -1, -1, -1, -1, -1, 0, -76], [6, -1, -1, -1, -1, -1, -1, -1, 0, -47], [7, -1, -1, -1, -1, -1, -1, -1, 10, 0], [8, -1, -1, -1, -1, -1, -1, -1, 0, -55], [9, -1, -1, -1, -1, -1, -1, -1, 0, -103], [10, -1, -1, -1, -1, -1, -1, -1, 0, -158], [11, -1, -1, -1, -1, -1, -1, -1, 0, -165], [12, -1, -1, -1, -1, -1, -1, -1, 135, 0], [13, -1, -1, -1, -1, -1, -1, -1, 0, -63], [14, -1, -1, -1, -1, -1, -1, -1, 0, -148], [15, -1, -1, -1, -1, -1, -1, -1, 37, 0], [16, -1, -1, -1, -1, -1, -1, -1, 0, -55], [17, -1, -1, -1, -1, -1, -1, -1, 0, -176], [18, -1, -1, -1, -1, -1, -1, -1, 0, -124], [19, -1, -1, -1, -1, -1, -1, -1, 65, 0], [20, -1, -1, -1, -1, -1, -1, -1, 0, -41], [21, -1, -1, -1, -1, -1, -1, -1, 0, -157], [22, -1, -1, -1, -1, -1, -1, -1, 79, 0], [23, -1, -1, -1, -1, -1, -1, -1, 0, -137], [24, -1, -1, -1, -1, -1, -1, -1, 0, -21], [25, -1, -1, -1, -1, -1, -1, -1, 0, -192], [26, -1, -1, -1, -1, -1, -1, -1, 0, -32], [27, -1, -1, -1, -1, -1, -1, -1, 0, -140], [28, -1, -1, -1, -1, -1, -1, -1, 53, 0], [29, -1, -1, -1, -1, -1, -1, -1, 0, -65], [30, -1, -1, -1, -1, -1, -1, -1, 0, -138], [31, -1, -1, -1, -1, -1, -1, -1, 0, -125], [32, -1, -1, -1, -1, -1, -1, -1, 0, -122], [33, -1, -1, -1, -1, -1, -1, -1, 0, -79], [34, -1, -1, -1, -1, -1, -1, -1, 0, -29], [35, -1, -1, -1, -1, -1, -1, -1, 0, -103], [36, -1, -1, -1, -1, -1, -1, -1, 0, -193], [37, -1, -1, -1, -1, -1, -1, -1, 47, 0], [38, -1, -1, -1, -1, -1, -1, -1, 0, -188], [39, -1, -1, -1, -1, -1, -1, -1, 0, -150], [40, -1, -1, -1, -1, -1, -1, -1, 0, -51], [41, -1, -1, -1, -1, -1, -1, -1, 0, -176], [42, -1, -1, -1, -1, -1, -1, -1, 0, -171], [43, -1, -1, -1, -1, -1, -1, -1, 0, -154], [44, -1, -1, -1, -1, -1, -1, -1, 169, 0], [45, -1, -1, -1, -1, -1, -1, -1, 0, -197], [46, -1, -1, -1, -1, -1, -1, -1, 0, -74], [47, -1, -1, -1, -1, -1, -1, -1, 0, -196], [48, -1, -1, -1, -1, -1, -1, -1, 0, -72], [49, -1, -1, -1, -1, -1, -1, -1, 0, -24], [50, -1, -1, -1, -1, -1, -1, -1, 0, -85], [51, -1, -1, -1, -1, -1, -1, -1, 0, -110], [52, -1, -1, -1, -1, -1, -1, -1, 0, -86], [53, -1, -1, -1, -1, -1, -1, -1, 0, -85], [54, -1, -1, -1, -1, -1, -1, -1, 166, 0], [55, -1, -1, -1, -1, -1, -1, -1, 0, -130], [56, -1, -1, -1, -1, -1, -1, -1, 167, 0], [57, -1, -1, -1, -1, -1, -1, -1, 142, 0], [58, -1, -1, -1, -1, -1, -1, -1, 0, -78], [59, -1, -1, -1, -1, -1, -1, -1, 0, -51], [60, -1, -1, -1, -1, -1, -1, -1, 0, -114], [61, -1, -1, -1, -1, -1, -1, -1, 0, -197], [62, -1, -1, -1, -1, -1, -1, -1, 0, -194], [63, -1, -1, -1, -1, -1, -1, -1, 0, -197], [64, -1, -1, -1, -1, -1, -1, -1, 0, -143], [65, -1, -1, -1, -1, -1, -1, -1, 0, -123], [66, -1, -1, -1, -1, -1, -1, -1, 173, 0], [67, -1, -1, -1, -1, -1, -1, -1, 0, -138], [68, -1, -1, -1, -1, -1, -1, -1, 0, -29], [69, -1, -1, -1, -1, -1, -1, -1, 81, 0], [70, -1, -1, -1, -1, -1, -1, -1, 0, -54], [71, -1, -1, -1, -1, -1, -1, -1, 0, -46], [72, -1, -1, -1, -1, -1, -1, -1, 0, -53], [73, -1, -1, -1, -1, -1, -1, -1, 0, -80], [74, -1, -1, -1, -1, -1, -1, -1, 0, -18], [75, -1, -1, -1, -1, -1, -1, -1, 88, 0], [76, -1, -1, -1, -1, -1, -1, -1, 0, -143], [77, -1, -1, -1, -1, -1, -1, -1, 0, -184], [78, -1, -1, -1, -1, -1, -1, -1, 0, -13], [79, -1, -1, -1, -1, -1, -1, -1, 0, -61], [80, -1, -1, -1, -1, -1, -1, -1, 0, -169], [81, -1, -1, -1, -1, -1, -1, -1, 90, 0], [82, -1, -1, -1, -1, -1, -1, -1, 0, -195], [83, -1, -1, -1, -1, -1, -1, -1, 0, -113], [84, -1, -1, -1, -1, -1, -1, -1, 0, -142], [85, -1, -1, -1, -1, -1, -1, -1, 0, -78], [86, -1, -1, -1, -1, -1, -1, -1, 0, -117], [87, -1, -1, -1, -1, -1, -1, -1, 0, -127], [88, -1, -1, -1, -1, -1, -1, -1, 0, -195], [89, -1, -1, -1, -1, -1, -1, -1, 0, -201], [90, -1, -1, -1, -1, -1, -1, -1, 0, -125]],