{"bus": [[1, -1, 0], [2, -1, 0], [3, -1, 0], [4, -1, 0], [5, -1, 0], [6, -1, 0], [7, -1, 0], [8, -1, 0], [9, -1, 0], [10, -1, 0], [11, -1, 0], [12, -1, 0], [13, -1, 0], [14, -1, 0], [15, -1, 0], [16, -1, 0], [17, -1, 0], [18, -1, 0], [19, -1, 0], [20, -1, 0], [21, -1, 0], [22, -1, 0], [23, -1, 0], [24, -1, 0], [25, -1, 0], [26, -1, 0], [27, -1, 0], [28, -1, 0], [29, -1, 0], [30, -1, 0], [31, -1, 0], [32, -1, 0], [33, -1, 0], [34, -1, 0], [35, -1, 0], [36, -1, 0], [37, -1, 0], [38, -1, 0], [39, -1, 0], [40, -1, 0], [41, -1, 0], [42, -1, 0], [43, -1, 0], [44, -1, 0], [45, -1, 0], [46, -1, 0], [47, -1, 0], [48, -1, 0], [49, -1, 0], [50, -1, 0], [51, -1, 0], [52, -1, 0], [53, -1, 0], [54, -1, 0], [55, -1, 0], [56, -1, 0], [57, -1, 0], [58, -1, 0], [59, -1, 0], [60, -1, 0], [61, -1, 0], [62, -1, 0], [63, -1, 0], [64, -1, 0], [65, -1, 0], [66, -1, 0], [67, -1, 0], [68, -1, 0], [69, -1, 0], [70, -1, 0], [71, -1, 0], [72, -1, 0], [73, -1, 0], [74, -1, 0], [75, -1, 0], [76, -1, 0], [77, -1, 0], [78, -1, 0], [79, -1, 0], [80, -1, 0], [81, -1, 0], [82, -1, 0], [83, -1, 0], [84, -1, 0], [85, -1, 0], [86, -1, 0], [87, -1, 0], [88, -1, 0], [89, -1, 0], [90, -1, 0]], "gencost": [[2, 0, 0, 2, 1.5000000000000002, 0], [2, 0, 0, 2, 1.4000000000000001, 0], [2, 0, 0, 2, 1.1, 0], [2, 0, 0, 2, 0.4, 0], [2, 0, 0, 2, 0.4, 0], [2, 0, 0, 2, 2.0, 0], [2, 0, 0, 2, 0.8, 0], [2, 0, 0, 2, 0.4, 0], [2, 0, 0, 2, 0.4, 0], [2, 0, 0, 2, 0.6, 0], [2, 0, 0, 2, 1.6, 0], [2, 0, 0, 2, 1.0, 0], [2, 0, 0, 2, 0.8, 0], [2, 0, 0, 2, 1.5000000000000002, 0], [2, 0, 0, 2, 0.5, 0], [2, 0, 0, 2, 1.1, 0], [2, 0, 0, 2, 0.8, 0], [2, 0, 0, 2, 0.7000000000000001, 0], [2, 0, 0, 2, 0.6, 0], [2, 0, 0, 2, 1.8000000000000003, 0], [2, 0, 0, 2, 1.8000000000000003, 0], [2, 0, 0, 2, 1.7000000000000002, 0], [2, 0, 0, 2, 1.2000000000000002, 0], [2, 0, 0, 2, 1.6, 0], [2, 0, 0, 2, 0.2, 0], [2, 0, 0, 2, 0.5, 0], [2, 0, 0, 2, 1.4000000000000001, 0], [2, 0, 0, 2, 1.2000000000000002, 0], [2, 0, 0, 2, 2.1, 0], [2, 0, 0, 2, 2.1, 0], [2, 0, 0, 2, 0.2, 0], [2, 0, 0, 2, 1.2000000000000002, 0], [2, 0, 0, 2, 0.4, 0], [2, 0, 0, 2, 0.5, 0], [2, 0, 0, 2, 2.0, 0], [2, 0, 0, 2, 2.1, 0], [2, 0, 0, 2, 1.9000000000000001, 0], [2, 0, 0, 2, 1.3000000000000003, 0], [2, 0, 0, 2, 1.7000000000000002, 0], [2, 0, 0, 2, 1.8000000000000003, 0], [2, 0, 0, 2, 1.1, 0], [2, 0, 0, 2, 1.3000000000000003, 0], [2, 0, 0, 2, 1.5000000000000002, 0], [2, 0, 0, 2, 1.4000000000000001, 0], [2, 0, 0, 2, 1.8000000000000003, 0], [2, 0, 0, 2, 0.8, 0], [2, 0, 0, 2, 1.3000000000000003, 0], [2, 0, 0, 2, 1.8000000000000003, 0], [2, 0, 0, 2, 0.8, 0], [2, 0, 0, 2, 1.7000000000000002, 0], [2, 0, 0, 2, 0.6, 0], [2, 0, 0, 2, 0.2, 0], [2, 0, 0, 2, 0.2, 0], [2, 0, 0, 2, 0.1, 0], [2, 0, 0, 2, 2.0, 0], [2, 0, 0, 2, 1.9000000000000001, 0], [2, 0, 0, 2, 0.4, 0], [2, 0, 0, 2, 0.5, 0], [2, 0, 0, 2, 1.4000000000000001, 0], [2, 0, 0, 2, 1.1, 0], [2, 0, 0, 2, 0.5, 0], [2, 0, 0, 2, 1.8000000000000003, 0], [2, 0, 0, 2, 1.0, 0], [2, 0, 0, 2, 0.8, 0], [2, 0, 0, 2, 0.2, 0], [2, 0, 0, 2, 2.0, 0], [2, 0, 0, 2, 1.3000000000000003, 0], [2, 0, 0, 2, 0.8, 0], [2, 0, 0, 2, 0.7000000000000001, 0], [2, 0, 0, 2, 0.30000000000000004, 0], [2, 0, 0, 2, 1.1, 0], [2, 0, 0, 2, 1.4000000000000001, 0], [2, 0, 0, 2, 1.5000000000000002, 0], [2, 0, 0, 2, 1.5000000000000002, 0], [2, 0, 0, 2, 0.9, 0], [2, 0, 0, 2, 1.4000000000000001, 0], [2, 0, 0, 2, 1.1, 0], [2, 0, 0, 2, 0.5, 0], [2, 0, 0, 2, 1.4000000000000001, 0], [2, 0, 0, 2, 1.7000000000000002, 0], [2, 0, 0, 2, 0.2, 0], [2, 0, 0, 2, 1.7000000000000002, 0], [2, 0, 0, 2, 0.7000000000000001, 0], [2, 0, 0, 2, 0.7000000000000001, 0], [2, 0, 0, 2, 0.5, 0], [2, 0, 0, 2, 1.8000000000000003, 0], [2, 0, 0, 2, 1.4000000000000001, 0], [2, 0, 0, 2, 0.7000000000000001, 0], [2, 0, 0, 2, 0.7000000000000001, 0], [2, 0, 0, 2, 0.1, 0]], "gen": [[1, -1, -1, -1, -1, -1, -1, -1, 0, -145], [2, -1, -1, -1, -1, -1, -1, -1, 190, 0], [3, -1, -1, -1, -1, -1, -1, -1, 0, -160], [4, -1, -1, -1, -1, -1, -1, -1, 0, -116], [5, -1, -1, -1, -1, -1, -1, -1, 0, -14], [6, -1, -1, -1, -1, -1, -1, -1, 0, -147], [7, -1, -1, -1, -1, -1, -1, -1, 0, -102], [8, -1, -1, -1, -1, -1, -1, -1, 0, -74], [9, -1, -1, -1, -1, -1, -1, -1, 0, -15], [10, -1, -1, -1, -1, -1, -1, -1, 0, -121], [11, -1, -1, -1, -1, -1, -1, -1, 0, -55], [12, -1, -1, -1, -1, -1, -1, -1, 0, -72], [13, -1, -1, -1, -1, -1, -1, -1, 137, 0], [14, -1, -1, -1, -1, -1, -1, -1, 0, -177], [15, -1, -1, -1, -1, -1, -1, -1, 0, -111], [16, -1, -1, -1, -1, -1, -1, -1, 0, -67], [17, -1, -1, -1, -1, -1, -1, -1, 0, -180], [18, -1, -1, -1, -1, -1, -1, -1, 0, -141], [19, -1, -1, -1, -1, -1, -1, -1, 0, -110], [20, -1, -1, -1, -1, -1, -1, -1, 0, -121], [21, -1, -1, -1, -1, -1, -1, -1, 0, -43], [22, -1, -1, -1, -1, -1, -1, -1, 0, -125], [23, -1, -1, -1, -1, -1, -1, -1, 0, -201], [24, -1, -1, -1, -1, -1, -1, -1, 0, -61], [25, -1, -1, -1, -1, -1, -1, -1, 0, -58], [26, -1, -1, -1, -1, -1, -1, -1, 0, -149], [27, -1, -1, -1, -1, -1, -1, -1, 0, -26], [28, -1, -1, -1, -1, -1, -1, -1, 0, -168], [29, -1, -1, -1, -1, -1, -1, -1, 0, -91], [30, -1, -1, -1, -1, -1, -1, -1, 0, -82], [31, -1, -1, -1, -1, -1, -1, -1, 0, -52], [32, -1, -1, -1, -1, -1, -1, -1, 0, -127], [33, -1, -1, -1, -1, -1, -1, -1, 0, -167], [34, -1, -1, -1, -1, -1, -1, -1, 0, -69], [35, -1, -1, -1, -1, -1, -1, -1, 0, -165], [36, -1, -1, -1, -1, -1, -1, -1, 0, -98], [37, -1, -1, -1, -1, -1, -1, -1, 179, 0], [38, -1, -1, -1, -1, -1, -1, -1, 0, -24], [39, -1, -1, -1, -1, -1, -1, -1, 0, -76], [40, -1, -1, -1, -1, -1, -1, -1, 0, -185], [41, -1, -1, -1, -1, -1, -1, -1, 0, -80], [42, -1, -1, -1, -1, -1, -1, -1, 60, 0], [43, -1, -1, -1, -1, -1, -1, -1, 0, -92], [44, -1, -1, -1, -1, -1, -1, -1, 0, -56], [45, -1, -1, -1, -1, -1, -1, -1, 0, -94], [46, -1, -1, -1, -1, -1, -1, -1, 0, -158], [47, -1, -1, -1, -1, -1, -1, -1, 0, -60], [48, -1, -1, -1, -1, -1, -1, -1, 0, -82], [49, -1, -1, -1, -1, -1, -1, -1, 142, 0], [50, -1, -1, -1, -1, -1, -1, -1, 0, -15], [51, -1, -1, -1, -1, -1, -1, -1, 0, -96], [52, -1, -1, -1, -1, -1, -1, -1, 0, -102], [53, -1, -1, -1, -1, -1, -1, -1, 0, -153], [54, -1, -1, -1, -1, -1, -1, -1, 0, -80], [55, -1, -1, -1, -1, -1, -1, -1, 0, -197], [56, -1, -1, -1, -1, -1, -1, -1, 0, -190], [57, -1, -1, -1, -1, -1, -1, -1, 0, -165], [58, -1, -1, -1, -1, -1, -1, -1, 0, -90], [59, -1, -1, -1, -1, -1, -1, -1, 0, -151], [60, -1, -1, -1, -1, -1, -1, -1, 172, 0], [61, -1, -1, -1, -1, -1, -1, -1, 0, -135], [62, -1, -1, -1, -1, -1, -1, -1, 0, -173], [63, -1, -1, -1, -1, -1, -1, -1, 151, 0], [64, -1, -1, -1, -1, -1, -1, -1, 0, -92], [65, -1, -1, -1, -1, -1, -1, -1, 0, -112], [66, -1, -1, -1, -1, -1, -1, -1, 0, -25], [67, -1, -1, -1, -1, -1, -1, -1, 95, 0], [68, -1, -1, -1, -1, -1, -1, -1, 0, -127], [69, -1, -1, -1, -1, -1, -1, -1, 0, -130], [70, -1, -1, -1, -1, -1, -1, -1, 0, -109], [71, -1, -1, -1, -1, -1, -1, -1, 122, 0], [72, -1, -1, -1, -1, -1, -1, -1, 0, -94], [73, -1, -1, -1, -1, -1, -1, -1, 0, -33], [74, -1, -1, -1, -1, -1, -1, -1, 0, -144], [75, -1, -1, -1, -1, -1, -1, -1, 0, -100], [76, -1, -1, -1, -1, -1, -1, -1, 0, -80], [77, -1, -1, -1, -1, -1, -1, -1, 0, -109], [78, -1, -1, -1, -1, -1, -1, -1, 0, -38], [79, -1, -1, -1, -1, -1, -1, -1, 0, -127], [80, -1, -1, -1, -1, -1, -1, -1, 132, 0], [81, -1, -1, -1, -1, -1, -1, -1, 0, -12], [82, -1, -1, -1, -1, -1, -1, -1, 0, -109], [83, -1, -1, -1, -1, -1, -1, -1, 0, -108], [84, -1, -1, -1, -1, -1, -1, -1, 0, -143], [85, -1, -1, -1, -1, -1, -1, -1, 0, -22], [86, -1, -1, -1, -1, -1, -1, -1, 0, -82], [87, -1, -1, -1, -1, -1, -1, -1, 0, -102], [88, -1, -1, -1, -1, -1, -1, -1, 0, -126], [89, -1, -1, -1, -1, -1, -1, -1, 0, -181], [90, -1, -1, -1, -1, -1, -1, -1, 0, -198]],