{"bus": [[1, -1, 0], [2, -1, 0], [3, -1, 0], [4, -1, 0], [5, -1, 0], [6, -1, 0], [7, -1, 0], [8, -1, 0], [9, -1, 0], [10, -1, 0], [11, -1, 0], [12, -1, 0], [13, -1, 0], [14, -1, 0], [15, -1, 0], [16, -1, 0], [17, -1, 0], [18, -1, 0], [19, -1, 0], [20, -1, 0], [21, -1, 0], [22, -1, 0], [23, -1, 0], [24, -1, 0], [25, -1, 0], [26, -1, 0], [27, -1, 0], [28, -1, 0], [29, -1, 0], [30, -1, 0], [31, -1, 0], [32, -1, 0], [33, -1, 0], [34, -1, 0], [35, -1, 0], [36, -1, 0], [37, -1, 0], [38, -1, 0], [39, -1, 0], [40, -1, 0], [41, -1, 0], [42, -1, 0], [43, -1, 0], [44, -1, 0], [45, -1, 0], [46, -1, 0], [47, -1, 0], [48, -1, 0], [49, -1, 0], [50, -1, 0], [51, -1, 0], [52, -1, 0], [53, -1, 0], [54, -1, 0], [55, -1, 0], [56, -1, 0], [57, -1, 0], [58, -1, 0], [59, -1, 0], [60, -1, 0], [61, -1, 0], [62, -1, 0], [63, -1, 0], [64, -1, 0], [65, -1, 0], [66, -1, 0], [67, -1, 0], [68, -1, 0], [69, -1, 0], [70, -1, 0], [71, -1, 0], [72, -1, 0], [73, -1, 0], [74, -1, 0], [75, -1, 0], [76, -1, 0], [77, -1, 0], [78, -1, 0], [79, -1, 0], [80, -1, 0], [81, -1, 0], [82, -1, 0], [83, -1, 0], [84, -1, 0], [85, -1, 0], [86, -1, 0], [87, -1, 0], [88, -1, 0], [89, -1, 0], [90, -1, 0]], "gencost": [[2, 0, 0, 2, 1.9000000000000001, 0], [2, 0, 0, 2, 1.8000000000000003, 0], [2, 0, 0, 2, 1.3000000000000003, 0], [2, 0, 0, 2, 0.2, 0], [2, 0, 0, 2, 1.6, 0], [2, 0, 0, 2, 1.7000000000000002, 0], [2, 0, 0, 2, 0.2, 0], [2, 0, 0, 2, 0.6, 0], [2, 0, 0, 2, 0.6, 0], [2, 0, 0, 2, 1.9000000000000001, 0], [2, 0, 0, 2, 2.0, 0], [2, 0, 0, 2, 0.2, 0], [2, 0, 0, 2, 1.8000000000000003, 0], [2, 0, 0, 2, 0.1, 0], [2, 0, 0, 2, 1.9000000000000001, 0], [2, 0, 0, 2, 0.4, 0], [2, 0, 0, 2, 1.3000000000000003, 0], [2, 0, 0, 2, 1.8000000000000003, 0], [2, 0, 0, 2, 1.4000000000000001, 0], [2, 0, 0, 2, 1.0, 0], [2, 0, 0, 2, 1.9000000000000001, 0], [2, 0, 0, 2, 0.6, 0], [2, 0, 0, 2, 0.7000000000000001, 0], [2, 0, 0, 2, 1.1, 0], [2, 0, 0, 2, 0.7000000000000001, 0], [2, 0, 0, 2, 0.8, 0], [2, 0, 0, 2, 2.1, 0], [2, 0, 0, 2, 2.1, 0], [2, 0, 0, 2, 0.1, 0], [2, 0, 0, 2, 1.7000000000000002, 0], [2, 0, 0, 2, 2.0, 0], [2, 0, 0, 2, 0.30000000000000004, 0], [2, 0, 0, 2, 1.8000000000000003, 0], [2, 0, 0, 2, 0.6, 0], [2, 0, 0, 2, 0.6, 0], [2, 0, 0, 2, 0.2, 0], [2, 0, 0, 2, 2.1, 0], [2, 0, 0, 2, 1.7000000000000002, 0], [2, 0, 0, 2, 0.2, 0], [2, 0, 0, 2, 1.6, 0], [2, 0, 0, 2, 2.1, 0], [2, 0, 0, 2, 0.4, 0], [2, 0, 0, 2, 0.30000000000000004, 0], [2, 0, 0, 2, 1.8000000000000003, 0], [2, 0, 0, 2, 1.1, 0], [2, 0, 0, 2, 0.4, 0], [2, 0, 0, 2, 2.1, 0], [2, 0, 0, 2, 2.1, 0], [2, 0, 0, 2, 0.7000000000000001, 0], [2, 0, 0, 2, 0.30000000000000004, 0], [2, 0, 0, 2, 0.4, 0], [2, 0, 0, 2, 1.9000000000000001, 0], [2, 0, 0, 2, 1.1, 0], [2, 0, 0, 2, 0.6, 0], [2, 0, 0, 2, 1.8000000000000003, 0], [2, 0, 0, 2, 0.6, 0], [2, 0, 0, 2, 0.9, 0], [2, 0, 0, 2, 1.4000000000000001, 0], [2, 0, 0, 2, 0.9, 0], [2, 0, 0, 2, 1.9000000000000001, 0], [2, 0, 0, 2, 0.30000000000000004, 0], [2, 0, 0, 2, 1.5000000000000002, 0], [2, 0, 0, 2, 0.30000000000000004, 0], [2, 0, 0, 2, 1.6, 0], [2, 0, 0, 2, 2.1, 0], [2, 0, 0, 2, 0.6, 0], [2, 0, 0, 2, 1.9000000000000001, 0], [2, 0, 0, 2, 0.4, 0], [2, 0, 0, 2, 1.9000000000000001, 0], [2, 0, 0, 2, 1.1, 0], [2, 0, 0, 2, 0.1, 0], [2, 0, 0, 2, 1.8000000000000003, 0], [2, 0, 0, 2, 0.30000000000000004, 0], [2, 0, 0, 2, 1.2000000000000002, 0], [2, 0, 0, 2, 2.1, 0], [2, 0, 0, 2, 0.9, 0], [2, 0, 0, 2, 1.5000000000000002, 0], [2, 0, 0, 2, 1.7000000000000002, 0], [2, 0, 0, 2, 0.6, 0], [2, 0, 0, 2, 0.1, 0], [2, 0, 0, 2, 2.0, 0], [2, 0, 0, 2, 1.3000000000000003, 0], [2, 0, 0, 2, 1.1, 0], [2, 0, 0, 2, 1.1, 0], [2, 0, 0, 2, 1.8000000000000003, 0], [2, 0, 0, 2, 1.0, 0], [2, 0, 0, 2, 1.9000000000000001, 0], [2, 0, 0, 2, 1.6, 0], [2, 0, 0, 2, 0.30000000000000004, 0], [2, 0, 0, 2, 0.6, 0]], "gen": [[1, -1, -1, -1, -1, -1, -1, -1, 0, -176], [2, -1, -1, -1, -1, -1, -1, -1, 0, -11], [3, -1, -1, -1, -1, -1, -1, -1, 0, -131], [4, -1, -1, -1, -1, -1, -1, -1, 0, -44], [5, -1, -1, -1, -1, -1, -1, -1, 0, -157], [6, -1, -1, -1, -1, -1, -1, -1, 0, -57], [7, -1, -1, -1, -1, -1, -1, -1, 0, -155], [8, -1, -1, -1, -1, -1, -1, -1, 0, -136], [9, -1, -1, -1, -1, -1, -1, -1, 0, -169], [10, -1, -1, -1, -1, -1, -1, -1, 0, -182], [11, -1, -1, -1, -1, -1, -1, -1, 0, -37], [12, -1, -1, -1, -1, -1, -1, -1, 0, -14], [13, -1, -1, -1, -1, -1, -1, -1, 0, -50], [14, -1, -1, -1, -1, -1, -1, -1, 0, -27], [15, -1, -1, -1, -1, -1, -1, -1, 0, -116], [16, -1, -1, -1, -1, -1, -1, -1, 187, 0], [17, -1, -1, -1, -1, -1, -1, -1, 0, -117], [18, -1, -1, -1, -1, -1, -1, -1, 0, -148], [19, -1, -1, -1, -1, -1, -1, -1, 0, -109], [20, -1, -1, -1, -1, -1, -1, -1, 0, -83], [21, -1, -1, -1, -1, -1, -1, -1, 0, -57], [22, -1, -1, -1, -1, -1, -1, -1, 0, -81], [23, -1, -1, -1, -1, -1, -1, -1, 0, -126], [24, -1, -1, -1, -1, -1, -1, -1, 169, 0], [25, -1, -1, -1, -1, -1, -1, -1, 0, -128], [26, -1, -1, -1, -1, -1, -1, -1, 0, -37], [27, -1, -1, -1, -1, -1, -1, -1, 0, -90], [28, -1, -1, -1, -1, -1, -1, -1, 0, -72], [29, -1, -1, -1, -1, -1, -1, -1, 197, 0], [30, -1, -1, -1, -1, -1, -1, -1, 0, -165], [31, -1, -1, -1, -1, -1, -1, -1, 0, -60], [32, -1, -1, -1, -1, -1, -1, -1, 0, -160], [33, -1, -1, -1, -1, -1, -1, -1, 0, -106], [34, -1, -1, -1, -1, -1, -1, -1, 0, -194], [35, -1, -1, -1, -1, -1, -1, -1, 61, 0], [36, -1, -1, -1, -1, -1, -1, -1, 198, 0], [37, -1, -1, -1, -1, -1, -1, -1, 0, -187], [38, -1, -1, -1, -1, -1, -1, -1, 0, -116], [39, -1, -1, -1, -1, -1, -1, -1, 0, -28], [40, -1, -1, -1, -1, -1, -1, -1, 0, -74], [41, -1, -1, -1, -1, -1, -1, -1, 0, -27], [42, -1, -1, -1, -1, -1, -1, -1, 0, -89], [43, -1, -1, -1, -1, -1, -1, -1, 0, -22], [44, -1, -1, -1, -1, -1, -1, -1, 0, -71], [45, -1, -1, -1, -1, -1, -1, -1, 0, -153], [46, -1, -1, -1, -1, -1, -1, -1, 157, 0], [47, -1, -1, -1, -1, -1, -1, -1, 181, 0], [48, -1, -1, -1, -1, -1, -1, -1, 0, -195], [49, -1, -1, -1, -1, -1, -1, -1, 136, 0], [50, -1, -1, -1, -1, -1, -1, -1, 0, -134], [51, -1, -1, -1, -1, -1, -1, -1, 120, 0], [52, -1, -1, -1, -1, -1, -1, -1, 0, -71], [53, -1, -1, -1, -1, -1, -1, -1, 0, -171], [54, -1, -1, -1, -1, -1, -1, -1, 0, -88], [55, -1, -1, -1, -1, -1, -1, -1, 146, 0], [56, -1, -1, -1, -1, -1, -1, -1, 24, 0], [57, -1, -1, -1, -1, -1, -1, -1, 0, -19], [58, -1, -1, -1, -1, -1, -1, -1, 117, 0], [59, -1, -1, -1, -1, -1, -1, -1, 0, -13], [60, -1, -1, -1, -1, -1, -1, -1, 0, -62], [61, -1, -1, -1, -1, -1, -1, -1, 0, -63], [62, -1, -1, -1, -1, -1, -1, -1, 0, -173], [63, -1, -1, -1, -1, -1, -1, -1, 0, -128], [64, -1, -1, -1, -1, -1, -1, -1, 0, -164], [65, -1, -1, -1, -1, -1, -1, -1, 0, -77], [66, -1, -1, -1, -1, -1, -1, -1, 0, -151], [67, -1, -1, -1, -1, -1, -1, -1, 0, -28], [68, -1, -1, -1, -1, -1, -1, -1, 0, -117], [69, -1, -1, -1, -1, -1, -1, -1, 0, -58], [70, -1, -1, -1, -1, -1, -1, -1, 0, -175], [71, -1, -1, -1, -1, -1, -1, -1, 0, -82], [72, -1, -1, -1, -1, -1, -1, -1, 0, -149], [73, -1, -1, -1, -1, -1, -1, -1, 0, -141], [74, -1, -1, -1, -1, -1, -1, -1, 0, -168], [75, -1, -1, -1, -1, -1, -1, -1, 0, -113], [76, -1, -1, -1, -1, -1, -1, -1, 0, -121], [77, -1, -1, -1, -1, -1, -1, -1, 64, 0], [78, -1, -1, -1, -1, -1, -1, -1, 0, -176], [79, -1, -1, -1, -1, -1, -1, -1, 0, -156], [80, -1, -1, -1, -1, -1, -1, -1, 0, -172], [81, -1, -1, -1, -1, -1, -1, -1, 0, -147], [82, -1, -1, -1, -1, -1, -1, -1, 0, -155], [83, -1, -1, -1, -1, -1, -1, -1, 0, -146], [84, -1, -1, -1, -1, -1, -1, -1, 0, -44], [85, -1, -1, -1, -1, -1, -1, -1, 0, -101], [86, -1, -1, -1, -1, -1, -1, -1, 0, -14], [87, -1, -1, -1, -1, -1, -1, -1, 0, -51], [88, -1, -1, -1, -1, -1, -1, -1, 0, -42], [89, -1, -1, -1, -1, -1, -1, -1, 0, -137], [90, -1, -1, -1, -1, -1, -1, -1, 0, -16]],